"Status","Start Time","Stop Time","Duration in ms","Parent Suite","Suite","Sub Suite","Test Class","Test Method","Name","Description"
"passed","Mon Aug 19 10:33:31 SGT 2019","Mon Aug 19 10:33:31 SGT 2019","0","","test_1","","","","test_5",""
"passed","Mon Aug 19 10:33:31 SGT 2019","Mon Aug 19 10:33:31 SGT 2019","1","","test_1","","","","test_1",""
"failed","Mon Aug 19 10:33:31 SGT 2019","Mon Aug 19 10:33:31 SGT 2019","0","","test_1","","","","test_4","
    这是一个一giao我哩giao的用例
    "
"passed","Mon Aug 19 10:33:31 SGT 2019","Mon Aug 19 10:33:31 SGT 2019","0","","test_1","","","","test_6",""
"failed","Mon Aug 19 10:33:31 SGT 2019","Mon Aug 19 10:33:31 SGT 2019","0","","test_1","","","","test_3",""
"passed","Mon Aug 19 10:33:31 SGT 2019","Mon Aug 19 10:33:31 SGT 2019","0","","test_1","","","","test_7",""
"passed","Mon Aug 19 10:33:31 SGT 2019","Mon Aug 19 10:33:31 SGT 2019","1","","test_1","","","","test_2",""
"passed","Mon Aug 19 10:33:31 SGT 2019","Mon Aug 19 10:33:31 SGT 2019","1","","test_1","","","","test_8",""
"passed","Mon Aug 19 10:33:31 SGT 2019","Mon Aug 19 10:33:31 SGT 2019","1","","test_1","","","","test_case",""
